arm,population,outcome,n_replicates,mean,sd,ci_low,ci_high
co_mixed,IDHmut_TP53mut,log_growth_rate_per_min,10,0.00014968141176302275,1.1062988771164599e-05,0.0001433972567313746,0.00015636541315877745
co_mixed,IDHmut_TP53wt,log_growth_rate_per_min,10,9.702423024767249e-05,9.885607412169662e-06,9.119694141396905e-05,0.00010284007936553878
co_separated,IDHmut_TP53mut,log_growth_rate_per_min,10,0.00014170400224051911,1.5443404931684877e-05,0.00013264853319664056,0.00015064292782218013
co_separated,IDHmut_TP53wt,log_growth_rate_per_min,10,9.569641556025327e-05,1.3726829596635708e-05,8.763884019708674e-05,0.00010375014851859938
co_swapped,IDHmut_TP53mut,log_growth_rate_per_min,10,0.00014921007627830468,1.305530346911229e-05,0.00014122606502206127,0.00015640016298115023
co_swapped,IDHmut_TP53wt,log_growth_rate_per_min,10,0.00010355204291678936,1.4043005336784594e-05,9.480187921895085e-05,0.00011099415694090595
label_control,label_A,log_growth_rate_per_min,10,0.00010106092605712501,1.8075474610693325e-05,9.069665110022765e-05,0.00011182041600088471
label_control,label_B,log_growth_rate_per_min,10,9.856045049093905e-05,1.2782989268575543e-05,9.12029481980234e-05,0.0001062104053623673
mono_TP53mut,IDHmut_TP53mut,log_growth_rate_per_min,10,0.0001420342856830553,1.0678505612995098e-05,0.00013575468297934826,0.00014827388485836996
mono_TP53wt,IDHmut_TP53wt,log_growth_rate_per_min,10,9.189194249355905e-05,1.7325891607486007e-05,8.152237838445658e-05,0.00010176029728497466
co_mixed,IDHmut_TP53mut,n_end,10,325.4,24.061033505095605,312.1,339.8
co_mixed,IDHmut_TP53wt,n_end,10,219.4,17.920813473599786,209.7,230.5
co_separated,IDHmut_TP53mut,n_end,10,314.1,31.52230251037439,295.9,332.5
co_separated,IDHmut_TP53wt,n_end,10,212.6,24.717065629506536,197.9,226.9
co_swapped,IDHmut_TP53mut,n_end,10,326.1,27.565880682063792,309.1975,341.3
co_swapped,IDHmut_TP53wt,n_end,10,224.0,24.886408606573454,208.8,238.0
label_control,label_A,n_end,10,225.0,29.427877939124322,208.2,242.6
label_control,label_B,n_end,10,221.2,21.998989875800106,208.7,234.4
mono_TP53mut,IDHmut_TP53mut,n_end,10,311.2,24.773641906940796,296.0975,325.70249999999993
mono_TP53wt,IDHmut_TP53wt,n_end,10,208.6,26.370016643486935,193.0,224.2
co_mixed,IDHmut_TP53mut,log2_fold_change,10,1.698740050651742,0.10499730848407504,1.6402407923060445,1.7628127135570042
co_mixed,IDHmut_TP53wt,log2_fold_change,10,1.1293612232006995,0.11526680195811154,1.0659327829736567,1.1990505160667986
co_separated,IDHmut_TP53mut,log2_fold_change,10,1.644668903999456,0.14519981891431188,1.5585848545976273,1.7280157676858519
co_separated,IDHmut_TP53wt,log2_fold_change,10,1.079036412232531,0.1724962780934207,0.9762579333969753,1.1765054834836601
co_swapped,IDHmut_TP53mut,log2_fold_change,10,1.7004764987987913,0.12584627046909613,1.6240172091465541,1.7693221255376226
co_swapped,IDHmut_TP53wt,log2_fold_change,10,1.1549284314424009,0.16873957272540951,1.0474529885075736,1.2460246399263257
label_control,label_A,log2_fold_change,10,1.1590719293058576,0.185529374977282,1.0545496164547608,1.2730253462878303
label_control,label_B,log2_fold_change,10,1.138998668647521,0.14238079285738237,1.0575331077043346,1.2230933082896587
mono_TP53mut,IDHmut_TP53mut,log2_fold_change,10,1.6336423921956573,0.11663087989260498,1.5638484349718156,1.6983811977013072
mono_TP53wt,IDHmut_TP53wt,log2_fold_change,10,1.0502289828559985,0.1842442823044112,0.9384623865208687,1.1557407551291035
co_mixed,IDHmut_TP53mut,observed_doubling_time_days,10,3.2316180137461084,0.23828124393904512,3.0936918588267877,3.37282691594115
co_mixed,IDHmut_TP53wt,observed_doubling_time_days,10,5.008271442939511,0.5151165593875437,4.712261239407246,5.317612902575753
co_separated,IDHmut_TP53mut,observed_doubling_time_days,10,3.4345554157001716,0.38713342866240763,3.2130002720873123,3.6734362217571337
co_separated,IDHmut_TP53wt,observed_doubling_time_days,10,5.124164997718902,0.7361409084220454,4.700910672323711,5.561669236654225
co_swapped,IDHmut_TP53mut,observed_doubling_time_days,10,3.249516907417187,0.2992003430640187,3.08350687237646,3.43232124545581
co_swapped,IDHmut_TP53wt,observed_doubling_time_days,10,4.742360784801444,0.7792836204962662,4.349603048800683,5.244595102070127
label_control,label_A,observed_doubling_time_days,10,4.908808792712906,0.9286625903938228,4.3952963807681185,5.48468856220161
label_control,label_B,observed_doubling_time_days,10,4.957427765982773,0.6356087509952233,4.582926601989588,5.325889476412226
mono_TP53mut,IDHmut_TP53mut,observed_doubling_time_days,10,3.4065288126875837,0.2596382657785382,3.2570296783031236,3.56150474732092
mono_TP53wt,IDHmut_TP53wt,observed_doubling_time_days,10,5.4194233938875715,1.0845998395151388,4.8118278117753555,6.092085208849755
co_mixed,IDHmut_TP53mut,auc_log_count,10,5.187102907582567,0.05737002043252975,5.157346455606074,5.225063944653458
co_mixed,IDHmut_TP53wt,auc_log_count,10,5.012141161878791,0.046239355749241984,4.98413814059094,5.038422905158016
co_separated,IDHmut_TP53mut,auc_log_count,10,5.172805388024908,0.05323538712974052,5.141275293461931,5.2035136388601195
co_separated,IDHmut_TP53wt,auc_log_count,10,4.98777517715515,0.06553062314852152,4.946411941211171,5.02232331133148
co_swapped,IDHmut_TP53mut,auc_log_count,10,5.192034344111938,0.06150941775393849,5.157737259543109,5.229372117813267
co_swapped,IDHmut_TP53wt,auc_log_count,10,5.008500741104135,0.05458894444443762,4.975379138541068,5.039142765969694
label_control,label_A,auc_log_count,10,5.004090538224088,0.07880106453716713,4.95974415008149,5.05307702619642
label_control,label_B,auc_log_count,10,5.003792030698476,0.06251155992563141,4.965964267590741,5.039495925347602
mono_TP53mut,IDHmut_TP53mut,auc_log_count,10,5.179295595517596,0.046656947901324346,5.15098453549614,5.205914331509162
mono_TP53wt,IDHmut_TP53wt,auc_log_count,10,4.955493014271947,0.07667291956239433,4.908834191719151,4.998901286593047
co_mixed,IDHmut_TP53mut,final_proportion,10,0.5970812656781146,0.030810420223521543,0.578569519837099,0.6142567581656879
co_mixed,IDHmut_TP53wt,final_proportion,10,0.40291873432188535,0.030810420223521536,0.38593593230368184,0.4220893061658055
co_separated,IDHmut_TP53mut,final_proportion,10,0.5963523483928005,0.03349432981267907,0.577207159571532,0.6167708286681329
co_separated,IDHmut_TP53wt,final_proportion,10,0.40364765160719945,0.03349432981267909,0.3834834488574377,0.42288926870432
co_swapped,IDHmut_TP53mut,final_proportion,10,0.5929514255277502,0.034868481112550545,0.573464937128753,0.6143369689290121
co_swapped,IDHmut_TP53wt,final_proportion,10,0.40704857447224996,0.034868481112550545,0.38498592384715685,0.4257860915125087
label_control,label_A,final_proportion,10,0.5034566325462038,0.029224840162071188,0.48692091052199754,0.5216119857789782
label_control,label_B,final_proportion,10,0.49654336745379635,0.02922484016207117,0.47913878063131954,0.5133173401415361
mono_TP53mut,IDHmut_TP53mut,final_proportion,10,1.0,0.0,1.0,1.0
mono_TP53wt,IDHmut_TP53wt,final_proportion,10,1.0,0.0,1.0,1.0
co_mixed,IDHmut_TP53mut,final_radius_of_gyration,10,137.32039660016167,4.230465411408837,134.8466430052161,139.7392457097407
co_mixed,IDHmut_TP53wt,final_radius_of_gyration,10,136.43880179847838,5.424917133021111,133.05825142485722,139.44811611129052
co_separated,IDHmut_TP53mut,final_radius_of_gyration,10,105.89157473830201,4.909380885583473,102.92399154172197,108.68648585493725
co_separated,IDHmut_TP53wt,final_radius_of_gyration,10,91.26682475562696,3.9419416114205124,88.91822849810933,93.57795669824166
co_swapped,IDHmut_TP53mut,final_radius_of_gyration,10,107.83619857688704,4.121102638977572,105.30141800156103,110.1268091273192
co_swapped,IDHmut_TP53wt,final_radius_of_gyration,10,93.18975689355953,4.266618656024513,90.52471626755633,95.55480798552313
label_control,label_A,final_radius_of_gyration,10,92.81198214615164,5.343372108945467,89.80593837155487,96.07089813747213
label_control,label_B,final_radius_of_gyration,10,92.43223193108301,3.7994221838184923,90.23627821419198,94.70010119037407
mono_TP53mut,IDHmut_TP53mut,final_radius_of_gyration,10,105.80808041146152,3.6403044281593866,103.6793238907966,107.88213302833371
mono_TP53wt,IDHmut_TP53wt,final_radius_of_gyration,10,90.10830854624093,4.91081924833478,87.2331121630732,92.96023129403929
