arm,seed,population,n_end,log_growth_rate_per_min
co_mixed,20260907,IDHmut_TP53mut,370.0,0.00017107242310931823
co_mixed,20260907,IDHmut_TP53wt,206.0,9.639276982281702e-05
co_mixed,20260908,IDHmut_TP53mut,292.0,0.00013024575912516087
co_mixed,20260908,IDHmut_TP53wt,258.0,0.00010894043846210688
co_mixed,20260909,IDHmut_TP53mut,308.0,0.0001489730725599552
co_mixed,20260909,IDHmut_TP53wt,216.0,9.112240382994054e-05
co_mixed,20260910,IDHmut_TP53mut,337.0,0.00015624959820269502
co_mixed,20260910,IDHmut_TP53wt,228.0,0.00011033471405188715
co_mixed,20260911,IDHmut_TP53mut,315.0,0.00014351592399623284
co_mixed,20260911,IDHmut_TP53wt,193.0,8.749759287903042e-05
co_mixed,20260912,IDHmut_TP53mut,305.0,0.0001434048874489163
co_mixed,20260912,IDHmut_TP53wt,208.0,8.511979200496795e-05
co_mixed,20260913,IDHmut_TP53mut,357.0,0.00015877900511267084
co_mixed,20260913,IDHmut_TP53wt,210.0,8.37484183559508e-05
co_mixed,20260914,IDHmut_TP53mut,327.0,0.00014748529795147663
co_mixed,20260914,IDHmut_TP53wt,216.0,9.787620921219849e-05
co_mixed,20260915,IDHmut_TP53mut,329.0,0.00015378623685395238
co_mixed,20260915,IDHmut_TP53wt,231.0,0.00010399232401087087
co_mixed,20260916,IDHmut_TP53mut,314.0,0.0001433019132698492
co_mixed,20260916,IDHmut_TP53wt,228.0,0.00010521763984695475
co_separated,20260907,IDHmut_TP53mut,309.0,0.00014403352105246702
co_separated,20260907,IDHmut_TP53wt,244.0,0.00012020067455205155
co_separated,20260908,IDHmut_TP53mut,346.0,0.00015913681507366602
co_separated,20260908,IDHmut_TP53wt,218.0,9.808620671172897e-05
co_separated,20260909,IDHmut_TP53mut,258.0,0.00011378275003105835
co_separated,20260909,IDHmut_TP53wt,171.0,7.843976857350943e-05
co_separated,20260910,IDHmut_TP53mut,312.0,0.00014366681166280904
co_separated,20260910,IDHmut_TP53wt,243.0,0.0001081679629289722
co_separated,20260911,IDHmut_TP53mut,305.0,0.00013057618774354085
co_separated,20260911,IDHmut_TP53wt,227.0,0.00010504179624047747
co_separated,20260912,IDHmut_TP53mut,304.0,0.0001336430882438607
co_separated,20260912,IDHmut_TP53wt,187.0,8.594745261406254e-05
co_separated,20260913,IDHmut_TP53mut,300.0,0.0001375668962224477
co_separated,20260913,IDHmut_TP53wt,224.0,9.72513029606789e-05
co_separated,20260914,IDHmut_TP53mut,294.0,0.00013281040699306238
co_separated,20260914,IDHmut_TP53wt,221.0,0.00010030645412436607
co_separated,20260915,IDHmut_TP53mut,343.0,0.00015698652925447812
co_separated,20260915,IDHmut_TP53wt,186.0,7.71838079919718e-05
co_separated,20260916,IDHmut_TP53mut,370.0,0.00016483701612780114
co_separated,20260916,IDHmut_TP53wt,205.0,8.633872890471371e-05
co_swapped,20260907,IDHmut_TP53mut,338.0,0.00015239812332572923
co_swapped,20260907,IDHmut_TP53wt,216.0,0.00010571969495874127
co_swapped,20260908,IDHmut_TP53mut,281.0,0.00012707545752697216
co_swapped,20260908,IDHmut_TP53wt,238.0,0.00011170357769391232
co_swapped,20260909,IDHmut_TP53mut,318.0,0.00014829310644351543
co_swapped,20260909,IDHmut_TP53wt,246.0,0.00011664519995365816
co_swapped,20260910,IDHmut_TP53mut,302.0,0.0001347070767944589
co_swapped,20260910,IDHmut_TP53wt,221.0,9.711455921681934e-05
co_swapped,20260911,IDHmut_TP53mut,352.0,0.00016102238314899482
co_swapped,20260911,IDHmut_TP53wt,258.0,0.000116917575939046
co_swapped,20260912,IDHmut_TP53mut,285.0,0.00013396412355346852
co_swapped,20260912,IDHmut_TP53wt,204.0,9.186791149966262e-05
co_swapped,20260913,IDHmut_TP53mut,342.0,0.0001596242157190117
co_swapped,20260913,IDHmut_TP53wt,238.0,0.0001148908028459445
co_swapped,20260914,IDHmut_TP53mut,347.0,0.0001641070820357993
co_swapped,20260914,IDHmut_TP53wt,210.0,9.888762785481401e-05
co_swapped,20260915,IDHmut_TP53mut,346.0,0.0001508528100115619
co_swapped,20260915,IDHmut_TP53wt,172.0,7.211794452675107e-05
co_swapped,20260916,IDHmut_TP53mut,350.0,0.00016005638422353512
co_swapped,20260916,IDHmut_TP53wt,237.0,0.00010965553467854426
label_control,20260907,label_A,186.0,6.934626321263621e-05
label_control,20260907,label_B,216.0,9.446638608273317e-05
label_control,20260908,label_A,200.0,9.498764703510352e-05
label_control,20260908,label_B,192.0,8.598684460098408e-05
label_control,20260909,label_A,236.0,0.00011718539530763612
label_control,20260909,label_B,199.0,8.597049765672553e-05
label_control,20260910,label_A,274.0,0.00012551063283521607
label_control,20260910,label_B,253.0,0.00011573226092668153
label_control,20260911,label_A,224.0,9.718913876435131e-05
label_control,20260911,label_B,227.0,9.669948900211406e-05
label_control,20260912,label_A,208.0,9.088200033920891e-05
label_control,20260912,label_B,225.0,0.00010183836197409001
label_control,20260913,label_A,244.0,0.0001004945109942353
label_control,20260913,label_B,197.0,8.032349761166537e-05
label_control,20260914,label_A,266.0,0.00012844756487969167
label_control,20260914,label_B,257.0,0.00012018442727740303
label_control,20260915,label_A,200.0,8.827939811033037e-05
label_control,20260915,label_B,218.0,0.00010306887361925074
label_control,20260916,label_A,212.0,9.828670909284063e-05
label_control,20260916,label_B,228.0,0.00010133386615774297
mono_TP53mut,20260907,IDHmut_TP53mut,337.0,0.00014694681278609427
mono_TP53mut,20260908,IDHmut_TP53mut,305.0,0.00014667519821645573
mono_TP53mut,20260909,IDHmut_TP53mut,282.0,0.00012832872539470002
mono_TP53mut,20260910,IDHmut_TP53mut,323.0,0.00014536818999858264
mono_TP53mut,20260911,IDHmut_TP53mut,285.0,0.00012968399097389857
mono_TP53mut,20260912,IDHmut_TP53mut,331.0,0.00015791066165515844
mono_TP53mut,20260913,IDHmut_TP53mut,338.0,0.00015288333186482615
mono_TP53mut,20260914,IDHmut_TP53mut,304.0,0.00013557242008300574
mono_TP53mut,20260915,IDHmut_TP53mut,273.0,0.00012867784841768843
mono_TP53mut,20260916,IDHmut_TP53mut,334.0,0.00014829567744014345
mono_TP53wt,20260907,IDHmut_TP53wt,240.0,0.00011528058615336418
mono_TP53wt,20260908,IDHmut_TP53wt,170.0,6.512587936084052e-05
mono_TP53wt,20260909,IDHmut_TP53wt,190.0,8.036605136365494e-05
mono_TP53wt,20260910,IDHmut_TP53wt,213.0,9.72536951986513e-05
mono_TP53wt,20260911,IDHmut_TP53wt,175.0,6.991244543332285e-05
mono_TP53wt,20260912,IDHmut_TP53wt,196.0,8.628214964774008e-05
mono_TP53wt,20260913,IDHmut_TP53wt,208.0,8.903364799612696e-05
mono_TP53wt,20260914,IDHmut_TP53wt,214.0,9.393837255693278e-05
mono_TP53wt,20260915,IDHmut_TP53wt,232.0,0.00010699788547438956
mono_TP53wt,20260916,IDHmut_TP53wt,248.0,0.0001147287117505673
