population,x,y
IDHmut_TP53mut,280.9065844761209,-50.6322686791652
IDHmut_TP53mut,255.6446700542994,-34.597556791268524
IDHmut_TP53mut,198.20416799581463,-56.14227468836627
IDHmut_TP53mut,76.7392465099837,-61.80391766610001
IDHmut_TP53mut,157.78887806051114,108.00135498525862
IDHmut_TP53mut,246.70830680157684,129.4371797071016
IDHmut_TP53mut,217.12134644578668,164.71271335795552
IDHmut_TP53mut,172.17914735023783,68.61957923132954
IDHmut_TP53mut,121.54645695356476,129.43014704466128
IDHmut_TP53mut,92.17142081956068,-57.93358465792212
IDHmut_TP53mut,125.6917275499716,62.803333466375
IDHmut_TP53mut,238.04777918923003,82.83743398415824
IDHmut_TP53mut,280.3292266273035,4.049817566756581
IDHmut_TP53mut,234.46528292157313,26.367794840560734
IDHmut_TP53mut,162.24261926683008,80.92846055971079
IDHmut_TP53mut,289.5597546192458,97.23050875488339
IDHmut_TP53mut,281.35148276100404,-76.96638816009352
IDHmut_TP53mut,216.19878063604102,69.10690670838342
IDHmut_TP53mut,197.6771909791328,-14.044239880712748
IDHmut_TP53mut,212.60378322240047,-8.844454176936628
IDHmut_TP53mut,189.2816503259164,113.11628191064173
IDHmut_TP53mut,198.8346794642748,100.45422913828021
IDHmut_TP53mut,89.8250432630904,-7.474700805721269
IDHmut_TP53mut,270.80215616600066,-38.14314182171758
IDHmut_TP53mut,210.36530451669165,133.65065171778807
IDHmut_TP53mut,266.32620376750896,7.91741635053259
IDHmut_TP53mut,201.03698027612424,1.0799494086367023
IDHmut_TP53mut,104.5667697531806,-2.6338372589606225
IDHmut_TP53mut,274.4879269459581,-23.55383718180536
IDHmut_TP53mut,200.02606520873974,-106.30522544078863
IDHmut_TP53mut,320.4698749999687,2.54971774782316
IDHmut_TP53mut,201.4047992319834,-42.115166819765214
IDHmut_TP53mut,95.85847580960144,-92.09774557434797
IDHmut_TP53mut,119.27645165585373,2.272189039585953
IDHmut_TP53mut,81.21998490663997,-46.364450253704234
IDHmut_TP53mut,271.06361366439097,33.43972444670311
IDHmut_TP53mut,317.0759657625555,-33.47055725066911
IDHmut_TP53mut,97.36434262373311,-42.95233285165335
IDHmut_TP53mut,213.5700022213122,-79.82576552667315
IDHmut_TP53mut,164.554151026593,-73.74126016527858
IDHmut_TP53mut,228.78490833966615,109.31726552768382
IDHmut_TP53mut,285.97243937900623,-36.210023208681534
IDHmut_TP53mut,154.70348964449377,-103.96701627600159
IDHmut_TP53mut,286.51277484688364,35.61009983401403
IDHmut_TP53mut,72.84227310875933,45.61411046449236
IDHmut_TP53mut,177.95056159243387,83.24654959545913
IDHmut_TP53mut,189.56556570715694,11.25636905986752
IDHmut_TP53mut,192.232601190507,27.24441762064585
IDHmut_TP53mut,301.45308452223514,-34.86104639290069
IDHmut_TP53mut,273.94571010421777,123.75956912825522
IDHmut_TP53mut,241.42493628344366,-40.15912587250451
IDHmut_TP53mut,227.66784614766573,-3.8315178601473976
IDHmut_TP53mut,252.73595656694246,0.9183324833267377
IDHmut_TP53mut,140.92120381108808,-58.23944660277015
IDHmut_TP53mut,209.2604559297028,-24.07671689879938
IDHmut_TP53mut,136.0895297564278,-34.38357185037013
IDHmut_TP53mut,71.45980492432096,-31.629487907572013
IDHmut_TP53mut,98.71820325087361,61.502354223861055
IDHmut_TP53mut,107.99197580974169,13.463471616919422
IDHmut_TP53mut,305.5482583167951,55.906155371394874
IDHmut_TP53mut,156.29287959779685,-14.197253444997436
IDHmut_TP53mut,194.96252659149354,43.01001987188233
IDHmut_TP53mut,167.95620547480826,-24.50371873367337
IDHmut_TP53mut,144.84237045593682,-116.55536762621232
IDHmut_TP53mut,241.73845132227248,-107.36269406347365
IDHmut_TP53mut,124.83812269407518,101.9859921372958
IDHmut_TP53mut,178.0357844979361,-66.27479972805537
IDHmut_TP53mut,141.07808609655004,-19.512260999138483
IDHmut_TP53mut,140.12115097530113,65.59085719795073
IDHmut_TP53mut,252.28864960465395,-66.32666757627462
IDHmut_TP53mut,84.05948716197352,34.27786430023167
IDHmut_TP53mut,207.07981767215284,-120.18944903845725
IDHmut_TP53mut,323.83152360694174,17.824125501342632
IDHmut_TP53mut,108.78205621462317,100.52850296689145
IDHmut_TP53mut,296.2070841093699,82.2372169748214
IDHmut_TP53mut,198.26567964991037,-84.00341113260173
IDHmut_TP53mut,187.79892584762172,70.29754993744012
IDHmut_TP53mut,167.84769813682706,95.69849082920562
IDHmut_TP53mut,209.56235064733016,-94.59611361089048
IDHmut_TP53mut,226.86818087015865,53.104382383557926
IDHmut_TP53mut,87.87436183310191,-73.30105597098652
IDHmut_TP53mut,295.378446598513,-83.38635758398021
IDHmut_TP53mut,219.52935795954392,21.578275973138062
IDHmut_TP53mut,179.55137041226627,-34.72756188094586
IDHmut_TP53mut,279.337720666732,-125.6199046127638
IDHmut_TP53mut,186.13866068560532,-4.062597019410926
IDHmut_TP53mut,257.94714216721087,-19.593194283981717
IDHmut_TP53mut,204.1213311254087,-135.28102784591235
IDHmut_TP53mut,203.04113219484822,73.75058923753546
IDHmut_TP53mut,182.49513680712747,-81.0751245944298
IDHmut_TP53mut,156.32260669106765,65.98704010818328
IDHmut_TP53mut,302.05286014372035,40.34003209232865
IDHmut_TP53mut,282.10089337928565,-10.425444609967528
IDHmut_TP53mut,267.46431264511904,47.27759572390418
IDHmut_TP53mut,321.8107212674777,-65.22502845754104
IDHmut_TP53mut,138.68960131890717,-101.75794393023632
IDHmut_TP53mut,225.74357212792037,138.86081497045342
IDHmut_TP53mut,207.1988682471201,30.749686360372323
IDHmut_TP53mut,241.86732607231508,-9.939920631743616
IDHmut_TP53mut,213.00412062306094,-52.910274166668074
IDHmut_TP53mut,194.2270362798851,-29.051903382493805
IDHmut_TP53mut,219.60518335073763,-130.21428436140837
IDHmut_TP53mut,240.8415053148646,98.39146983627795
IDHmut_TP53mut,293.7494930754571,-66.96231024776495
IDHmut_TP53mut,92.90561220357212,7.913970500120685
IDHmut_TP53mut,163.27387054120385,122.7478565174479
IDHmut_TP53mut,153.30904770396896,-28.87163329631433
IDHmut_TP53mut,182.66072778491798,-19.27522968613612
IDHmut_TP53mut,266.86861532551876,-7.288405757978897
IDHmut_TP53mut,183.40262522873786,54.42385699107786
IDHmut_TP53mut,80.12560689922407,18.8061908671682
IDHmut_TP53mut,249.00226442669734,30.9696437111737
IDHmut_TP53mut,260.2353694731156,60.5086682022562
IDHmut_TP53mut,152.35615115573438,-49.16743120165106
IDHmut_TP53mut,253.57230973633324,45.523671873050944
IDHmut_TP53mut,245.75209355685706,-81.04990329535143
IDHmut_TP53mut,263.6193341622753,-123.5335258423002
IDHmut_TP53mut,86.94614205432883,-32.013318943382934
IDHmut_TP53mut,127.55074180034067,-86.3246310877894
IDHmut_TP53mut,167.40518130083728,53.87314226037463
IDHmut_TP53mut,180.37572787840318,38.38928540737176
IDHmut_TP53mut,191.85162649613568,-125.05219108765735
IDHmut_TP53mut,127.46704376158362,33.216492225012075
IDHmut_TP53mut,95.30119221546511,23.107665273737958
IDHmut_TP53mut,136.36979954668683,91.12093574096973
IDHmut_TP53mut,332.24439355682995,49.064810553261395
IDHmut_TP53mut,307.5945761582698,-58.83582587364382
IDHmut_TP53mut,334.57375429073886,-4.653716790593585
IDHmut_TP53mut,94.0058997178269,46.60445969653091
IDHmut_TP53mut,261.8742294298926,134.42179048436356
IDHmut_TP53mut,122.53899183500603,-100.94358422306611
IDHmut_TP53mut,231.6762503694068,124.42553337685243
IDHmut_TP53mut,135.01914792383937,-128.91535163816886
IDHmut_TP53mut,249.14005844896812,71.93237092501016
IDHmut_TP53mut,150.25537408749955,-131.80499234485308
IDHmut_TP53mut,111.94026350832806,-48.73201603983333
IDHmut_TP53mut,113.11609959122279,-88.22690272588714
IDHmut_TP53mut,168.80178665063386,137.4378519292143
IDHmut_TP53mut,308.23280666609327,-74.33558236697546
IDHmut_TP53mut,56.424494135662265,-17.46018533956693
IDHmut_TP53mut,251.85036337725953,-95.37112153872525
IDHmut_TP53mut,319.9988046913163,-49.09644812839548
IDHmut_TP53mut,90.64106394875603,74.78037157000418
IDHmut_TP53mut,131.34454915844967,48.825396765661324
IDHmut_TP53mut,293.2340062140013,66.42282423468784
IDHmut_TP53mut,77.92653698442724,3.214863208701564
IDHmut_TP53mut,282.3623348355859,-92.74239458272623
IDHmut_TP53mut,142.84743359002223,-86.37480295923767
IDHmut_TP53mut,195.24198171241463,127.96900079754967
IDHmut_TP53mut,291.93864323584097,-22.115052111046566
IDHmut_TP53mut,210.10369039280835,44.97506859313175
IDHmut_TP53mut,157.70467756955406,41.68025762388308
IDHmut_TP53mut,243.96397204489597,57.29636903240028
IDHmut_TP53mut,172.87907454802888,-92.74309162129278
IDHmut_TP53mut,339.2422828275955,21.31213297420494
IDHmut_TP53mut,243.75926219835216,113.90522328446845
IDHmut_TP53mut,110.5245740023982,72.63668410818235
IDHmut_TP53mut,112.81896810633853,57.41723880521855
IDHmut_TP53mut,305.9567440994612,9.427188273604166
IDHmut_TP53mut,294.1545681558267,-1.3073565422983526
IDHmut_TP53mut,130.43447852640216,-8.535127252731497
IDHmut_TP53mut,134.3508604229955,6.74536656535628
IDHmut_TP53mut,148.7927262836735,-72.28675762281397
IDHmut_TP53mut,309.68888973779366,-90.20813059642256
IDHmut_TP53mut,277.640345292124,69.45860367890164
IDHmut_TP53mut,321.34096535663514,-13.327692920371412
IDHmut_TP53mut,224.21247959519755,-18.717279282429615
IDHmut_TP53mut,267.3292740744269,-96.85036523465729
IDHmut_TP53mut,139.79831225532917,-143.8886616433878
IDHmut_TP53mut,125.20651599883094,-25.163110730910365
IDHmut_TP53mut,291.2221791451201,12.929081041279048
IDHmut_TP53mut,101.02221756956918,-18.96191622690689
IDHmut_TP53mut,236.79692065678427,-69.29137534790837
IDHmut_TP53mut,247.0509635654577,-143.83548062638596
IDHmut_TP53mut,267.35806950583907,92.6540317124205
IDHmut_TP53mut,102.73925496566598,-78.0746411444681
IDHmut_TP53mut,213.79973801622333,103.9560749422651
IDHmut_TP53mut,129.6765341546119,77.17136371904927
IDHmut_TP53mut,115.70460004811447,-13.442857734189824
IDHmut_TP53mut,334.51580446350704,-55.59536841862852
IDHmut_TP53mut,160.22803376831322,-119.61063612609172
IDHmut_TP53mut,204.16565750791293,16.154775771821708
IDHmut_TP53mut,280.5169926864221,84.4679088484643
IDHmut_TP53mut,178.23230991423358,21.113258323715684
IDHmut_TP53mut,258.77494417376136,118.83961613237297
IDHmut_TP53mut,295.87534540433506,-49.13674229003924
IDHmut_TP53mut,322.6617220618937,-81.07108969268485
IDHmut_TP53mut,175.83567200164077,-122.69599813181055
IDHmut_TP53mut,270.67332838239906,108.16645609915146
IDHmut_TP53mut,308.3126159940115,71.50689890465739
IDHmut_TP53mut,216.07083764219138,6.362001359072286
IDHmut_TP53mut,185.59222720728303,-48.834902878481714
IDHmut_TP53mut,183.38414197365256,98.18538386103226
IDHmut_TP53mut,123.43093930589146,17.440302428937173
IDHmut_TP53mut,296.73246514003904,-99.30288886133663
IDHmut_TP53mut,224.04438085861037,-95.56981957364651
IDHmut_TP53mut,331.00082366730066,-25.930918230499483
IDHmut_TP53mut,289.5785770291841,-113.45058337095662
IDHmut_TP53mut,260.7477635401188,-83.14886003394417
IDHmut_TP53mut,307.55369907087805,-20.756248329608262
IDHmut_TP53mut,65.12473467397199,-46.086640760270164
IDHmut_TP53mut,230.0474703086041,-117.94114155622617
IDHmut_TP53mut,68.41215243373081,-9.167592195167797
IDHmut_TP53mut,252.42805271749683,-48.69696451259506
IDHmut_TP53mut,146.67395151939044,79.20229177031833
IDHmut_TP53mut,240.30258978949468,-55.26326919632197
IDHmut_TP53mut,147.48811863956902,120.01113891868438
IDHmut_TP53mut,231.5889019769373,-148.09294097107713
IDHmut_TP53mut,255.66121657604006,103.27518096152932
IDHmut_TP53mut,213.77928899461162,149.15395246188984
IDHmut_TP53mut,158.2286550245986,-88.1658308220384
IDHmut_TP53mut,115.53706214010369,42.85785668949292
IDHmut_TP53mut,317.10514515352895,44.77561329561641
IDHmut_TP53mut,217.20765825523557,-108.55811376682256
IDHmut_TP53mut,192.72937475268913,-69.68049822467633
IDHmut_TP53mut,328.54996126228343,33.33113900404928
IDHmut_TP53mut,223.18042847920998,80.16485588926683
IDHmut_TP53mut,101.81355657834736,86.12715878354939
IDHmut_TP53mut,221.98031699306364,-65.94451687503876
IDHmut_TP53mut,277.3244160798792,19.168758056001643
IDHmut_TP53mut,171.1754604766711,-9.229326427180775
IDHmut_TP53mut,215.7748698348546,-145.91016551783108
IDHmut_TP53mut,147.37461366246532,52.567732475722565
IDHmut_TP53mut,169.08271807186927,-150.17172838515643
IDHmut_TP53mut,142.38755727948524,37.74621483440752
IDHmut_TP53mut,247.56311967083576,-121.88045320626918
IDHmut_TP53mut,231.2752677349462,11.122148220871383
IDHmut_TP53mut,207.2580913350586,-66.78898669878882
IDHmut_TP53mut,240.8589932139013,144.2692484047535
IDHmut_TP53mut,164.43278431168804,-39.74417736446322
IDHmut_TP53mut,184.69218483798826,-152.8115567626464
IDHmut_TP53mut,165.80442272033636,-134.69995749436055
IDHmut_TP53mut,320.6448545036719,60.427766292563724
IDHmut_TP53mut,159.96411956297854,0.9764546038741346
IDHmut_TP53mut,273.722197050696,-110.8422339697921
IDHmut_TP53mut,263.97102451304306,76.7866958583745
IDHmut_TP53mut,179.2320258465788,125.4983278053873
IDHmut_TP53mut,198.74873308384062,58.44640402118389
IDHmut_TP53mut,149.08146425952805,11.422498975199119
IDHmut_TP53mut,270.5056792011304,-58.1622698365305
IDHmut_TP53mut,117.89937701194373,-74.02635795855869
IDHmut_TP53mut,235.63173339330186,-132.6805631833693
IDHmut_TP53mut,181.65082177196786,-137.3704653059884
IDHmut_TP53mut,213.14092232908365,57.66219646249462
IDHmut_TP53mut,323.5277754852421,76.12375955966857
IDHmut_TP53mut,137.20795860829813,131.90984992628734
IDHmut_TP53mut,138.19823894039817,22.24838673946342
IDHmut_TP53mut,152.25297564877215,93.49138261326357
IDHmut_TP53mut,157.58774931357115,-60.39209717174387
IDHmut_TP53mut,174.71765006914475,5.980071891608765
IDHmut_TP53mut,201.8542692072044,159.6417805472973
IDHmut_TP53mut,124.14874504882503,-140.1062840080403
IDHmut_TP53mut,238.18677470455705,42.24325753854995
IDHmut_TP53mut,123.90762767889368,-59.44099425756765
IDHmut_TP53mut,170.13658833011166,-107.72629743632164
IDHmut_TP53mut,173.50222783244826,110.60435307552154
IDHmut_TP53mut,68.69841199140215,30.083513653170872
IDHmut_TP53mut,223.28321043453593,37.1410682065033
IDHmut_TP53mut,142.08805847534103,105.41891309288403
IDHmut_TP53mut,227.5630791847965,-47.43250999864674
IDHmut_TP53mut,252.62646696800869,87.61347437895967
IDHmut_TP53mut,115.5998180420019,114.79928037933982
IDHmut_TP53mut,290.87433586447423,50.73626722075761
IDHmut_TP53mut,313.2964529904843,29.34483131551077
IDHmut_TP53mut,113.73706283422621,27.78750774663008
IDHmut_TP53mut,117.68402986485033,87.35488007355123
IDHmut_TP53mut,246.3730978533367,15.442869510593816
IDHmut_TP53mut,261.03488852008,21.830919241353016
IDHmut_TP53mut,83.20558741386627,57.878081510955546
IDHmut_TP53mut,285.8104969221032,112.82850372866
IDHmut_TP53mut,194.6575183684335,-165.10463948946418
IDHmut_TP53mut,215.93910919788723,-37.631494731266116
IDHmut_TP53mut,193.41816876373403,85.75694516562774
IDHmut_TP53mut,122.38262401243169,-39.21115290279869
IDHmut_TP53mut,185.393034771429,-110.67198357043847
IDHmut_TP53mut,131.40693419390138,116.86375588827269
IDHmut_TP53mut,225.94803533808513,94.48286029001456
IDHmut_TP53mut,209.5289253810974,88.44670919793013
IDHmut_TP53mut,267.6052388164572,-70.35460655549866
IDHmut_TP53mut,109.88226346521982,-32.593020301262115
IDHmut_TP53mut,152.93788582568465,26.627077092814964
IDHmut_TP53mut,163.64858719981257,16.038057909578168
IDHmut_TP53mut,216.49238760686353,119.22163215030503
IDHmut_TP53mut,298.349972320882,25.4762428772167
IDHmut_TP53mut,200.32038134832294,-150.3758451040813
IDHmut_TP53mut,161.59828847862755,151.40302851964898
IDHmut_TP53mut,228.56082338146638,-81.58622459413002
IDHmut_TP53mut,243.2706285765063,-25.155573628276553
IDHmut_TP53mut,257.6618688387843,-109.37539011052424
IDHmut_TP53mut,105.87757787482018,127.20696247033132
IDHmut_TP53mut,145.24724042452732,-3.9229892859713202
IDHmut_TP53mut,133.50000330360353,-72.02920372906179
IDHmut_TP53mut,232.91027654142835,67.90251957661484
IDHmut_TP53mut,188.13467560050987,-95.6100985626932
IDHmut_TP53mut,129.4027871424352,-114.7063812699097
IDHmut_TP53mut,170.9851473486651,-53.24599749146468
IDHmut_TP53mut,106.780640674045,-63.30537132316052
IDHmut_TP53mut,167.38621825642443,30.72317798538842
IDHmut_TP53mut,229.73665108978912,-32.17549116960098
IDHmut_TP53mut,80.1092391722508,-18.97349704410031
IDHmut_TP53mut,307.9573508266795,-5.78960676384
IDHmut_TP53mut,237.5415185782262,-93.14613378311502
IDHmut_TP53mut,102.8439759868965,35.4078144991506
IDHmut_TP53mut,277.5732773307106,55.39610733106186
IDHmut_TP53mut,107.8097139991309,-100.89357235246516
IDHmut_TP53mut,56.72248358935235,-31.083613767246383
IDHmut_TP53mut,264.2681009857975,-49.19972081728863
IDHmut_TP53mut,131.52672097463451,-47.64253387222051
IDHmut_TP53mut,147.00821830870677,-39.98437236978819
IDHmut_TP53wt,-163.2463267600829,-107.6067580615526
IDHmut_TP53wt,-188.40137678859782,82.87218582321073
IDHmut_TP53wt,-163.63141585166835,-71.01381218980235
IDHmut_TP53wt,-210.0617975831581,82.76479666572475
IDHmut_TP53wt,-170.33899243399168,-93.17782237701118
IDHmut_TP53wt,-103.43852652685952,7.8713132772544245
IDHmut_TP53wt,-216.7258584961441,-62.65461510625941
IDHmut_TP53wt,-230.96439712109378,6.3644624415545215
IDHmut_TP53wt,-170.67207509172763,35.38863301354833
IDHmut_TP53wt,-202.21980210120327,-91.42514398351668
IDHmut_TP53wt,-122.40261393310502,-17.5884071414354
IDHmut_TP53wt,-227.64013087372686,-119.90876096442199
IDHmut_TP53wt,-144.10343371022012,65.36093212198809
IDHmut_TP53wt,-177.6332320652354,-78.7724677620228
IDHmut_TP53wt,-179.8788297542981,-122.62488779504734
IDHmut_TP53wt,-138.30102645906024,-13.516954264757008
IDHmut_TP53wt,-243.86823561314242,52.196943794547416
IDHmut_TP53wt,-291.1328255196295,90.48788500161963
IDHmut_TP53wt,-217.98780968424524,-90.54945579462311
IDHmut_TP53wt,-218.6883072248823,-34.65718733882392
IDHmut_TP53wt,-86.29962800004,-59.47883259860958
IDHmut_TP53wt,-185.01631309837316,10.498725951055556
IDHmut_TP53wt,-180.0446780513056,-16.67808040660371
IDHmut_TP53wt,-155.3900964693454,38.048348746038705
IDHmut_TP53wt,-186.17474732380592,35.67976971012854
IDHmut_TP53wt,-290.0277873614778,-81.36431991918205
IDHmut_TP53wt,-224.93219180615438,-49.135622267646276
IDHmut_TP53wt,-116.16643363333895,-49.61514917222223
IDHmut_TP53wt,-140.73947344911238,-85.52051893008966
IDHmut_TP53wt,-220.5375004662218,-5.159294300062134
IDHmut_TP53wt,-158.34402639231115,86.03179542915991
IDHmut_TP53wt,-308.1821696954017,-31.618671702695067
IDHmut_TP53wt,-259.32502409717216,49.85671575291661
IDHmut_TP53wt,-100.80726065362718,23.41754990641898
IDHmut_TP53wt,-118.97494326456345,-33.62536770575487
IDHmut_TP53wt,-206.3550202474071,143.87143218893857
IDHmut_TP53wt,-296.19622983083894,69.20716542156735
IDHmut_TP53wt,-189.33542106672562,-3.7836893334213233
IDHmut_TP53wt,-236.71215545092878,157.19334108181354
IDHmut_TP53wt,-201.0517505788116,-63.300514184454364
IDHmut_TP53wt,-73.69019406827518,18.632658763875753
IDHmut_TP53wt,-199.24247463686095,28.171736763176625
IDHmut_TP53wt,-272.5216023285858,-114.30541508406094
IDHmut_TP53wt,-155.83704665381205,-121.79086845140552
IDHmut_TP53wt,-80.52809230985375,47.29592743358778
IDHmut_TP53wt,-241.8831370458636,141.8803182522081
IDHmut_TP53wt,-269.05421631825703,94.98570915470879
IDHmut_TP53wt,-322.9252417191102,36.52075489190388
IDHmut_TP53wt,-285.0616701267643,-96.50534804606067
IDHmut_TP53wt,-282.28231582524165,-41.37977765160883
IDHmut_TP53wt,-115.19356216962268,-73.87085112136185
IDHmut_TP53wt,-209.3033040843408,-76.98877508568229
IDHmut_TP53wt,-172.0432800422216,50.89683259356734
IDHmut_TP53wt,-326.83927974659343,-5.820613426177493
IDHmut_TP53wt,-233.62386623168751,-89.25233726126001
IDHmut_TP53wt,-157.64476116469658,57.21009262612031
IDHmut_TP53wt,-134.16759892174156,-28.65359616113158
IDHmut_TP53wt,-220.53894894250075,-134.21122390622756
IDHmut_TP53wt,-129.51759802553448,43.611197462482295
IDHmut_TP53wt,-131.59807867574807,-72.39346322039633
IDHmut_TP53wt,-211.19792501211964,-104.87093581921343
IDHmut_TP53wt,-141.33691880036807,-57.716769840768116
IDHmut_TP53wt,-99.78280407975753,-68.52307529145948
IDHmut_TP53wt,-95.5175445561678,42.04464253935342
IDHmut_TP53wt,-330.8843445281645,22.58250295328742
IDHmut_TP53wt,-311.2477435047123,-2.1870471034784806
IDHmut_TP53wt,-106.19013765886905,-24.247057851807
IDHmut_TP53wt,-233.04138756667047,64.27176358641613
IDHmut_TP53wt,-186.307793844781,-92.27808295135776
IDHmut_TP53wt,-124.05467464070126,58.391038934253125
IDHmut_TP53wt,-257.55218734406105,-109.34463959177266
IDHmut_TP53wt,-187.3790286200819,-31.379310564062678
IDHmut_TP53wt,-177.62187683609784,96.83180676213834
IDHmut_TP53wt,-246.3844794937611,126.3002142323748
IDHmut_TP53wt,-211.2465733625432,20.80610639263332
IDHmut_TP53wt,-234.47470455577928,34.692052996009366
IDHmut_TP53wt,-274.29734639129714,53.27592636877688
IDHmut_TP53wt,-161.86873117691565,-40.47984928895429
IDHmut_TP53wt,-172.5806754269684,-29.87248901258589
IDHmut_TP53wt,-217.8359153705193,68.97325123588254
IDHmut_TP53wt,-246.93765573058388,-97.4445698538364
IDHmut_TP53wt,-214.80635971824077,7.458258279806625
IDHmut_TP53wt,-236.3185400402207,113.3555379066099
IDHmut_TP53wt,-119.59922367811764,84.76116161742968
IDHmut_TP53wt,-172.80464354421414,81.90056510910227
IDHmut_TP53wt,-121.50756140100921,31.428714569024148
IDHmut_TP53wt,-170.40261415766003,66.49771451090139
IDHmut_TP53wt,-130.9378110269947,-44.086275749198194
IDHmut_TP53wt,-298.08050903152065,-44.12436635090193
IDHmut_TP53wt,-266.4356896311726,-38.66122764174508
IDHmut_TP53wt,-184.28441966527683,111.2692657447912
IDHmut_TP53wt,-282.14621620167867,103.6873771012665
IDHmut_TP53wt,-235.09848957002407,-37.4300641712908
IDHmut_TP53wt,-276.5012125348144,-26.56135668865099
IDHmut_TP53wt,-146.57828435481764,-43.95360493567645
IDHmut_TP53wt,-250.62705081961968,-36.75981442470221
IDHmut_TP53wt,-319.0840951738295,52.36981948180117
IDHmut_TP53wt,-304.9997399938604,82.45932187192112
IDHmut_TP53wt,-142.84134474500038,2.9067373331565594
IDHmut_TP53wt,-126.28496208766904,-113.86811431357282
IDHmut_TP53wt,-195.17496043594392,-105.71971323873719
IDHmut_TP53wt,-230.20943184420008,-25.985323357318368
IDHmut_TP53wt,-302.53460518267946,-16.35279702018381
IDHmut_TP53wt,-285.6860693689505,14.657573320172121
IDHmut_TP53wt,-205.023045977493,-5.651046318958146
IDHmut_TP53wt,-269.8900319321067,17.844492970845238
IDHmut_TP53wt,-108.55237023133209,96.24508490933734
IDHmut_TP53wt,-274.5368077983709,-84.31467350576494
IDHmut_TP53wt,-199.9158388221971,111.41998206140974
IDHmut_TP53wt,-156.559761163006,-84.90854964801011
IDHmut_TP53wt,-298.37507967998414,-68.12024936746764
IDHmut_TP53wt,-155.8178253394498,-56.92987847714306
IDHmut_TP53wt,-295.47153828068633,-1.8077832623417216
IDHmut_TP53wt,-318.44806879634024,-43.9498517267627
IDHmut_TP53wt,-87.4451180617415,-43.363546499586604
IDHmut_TP53wt,-185.37497662280907,-64.50719629113654
IDHmut_TP53wt,-158.47706490663455,6.606529670435605
IDHmut_TP53wt,-231.65041274762044,130.09676898546303
IDHmut_TP53wt,-312.5206882265163,68.29299296239998
IDHmut_TP53wt,-79.58818225493806,-29.281643942312186
IDHmut_TP53wt,-76.02541149246058,-13.401334796265242
IDHmut_TP53wt,-70.93294475628659,34.446509465825464
IDHmut_TP53wt,-249.83872247764134,37.267947476011415
IDHmut_TP53wt,-225.82995770127692,86.38992537286728
IDHmut_TP53wt,-201.65656804466119,43.773632155871134
IDHmut_TP53wt,-211.6205414938663,-20.28293666258038
IDHmut_TP53wt,-248.54300648250072,67.26972217104945
IDHmut_TP53wt,-248.18262761723688,-64.25687764064767
IDHmut_TP53wt,-108.69484097980508,35.69506343582353
IDHmut_TP53wt,-186.11851368749078,66.94840256760604
IDHmut_TP53wt,-308.0516662031982,41.0611907927467
IDHmut_TP53wt,-295.8555637069862,31.32623282119075
IDHmut_TP53wt,-153.27096258590896,-8.518120803261121
IDHmut_TP53wt,-110.27172309677022,50.240190414825875
IDHmut_TP53wt,-135.9948555645763,28.908713112485877
IDHmut_TP53wt,-193.58086422667284,-77.97404297969557
IDHmut_TP53wt,-246.1593137870145,-79.68792296714496
IDHmut_TP53wt,-312.8576271908464,-93.65002804825626
IDHmut_TP53wt,-200.19922579615593,60.328086004273466
IDHmut_TP53wt,-261.78996713344736,-72.41191405839102
IDHmut_TP53wt,-108.96612888932115,-88.78236028679916
IDHmut_TP53wt,-236.89792180878084,-8.255354085163846
IDHmut_TP53wt,-239.40082399069087,19.557824770917723
IDHmut_TP53wt,-128.00434372039078,-1.9379345600687987
IDHmut_TP53wt,-179.2004742918071,-106.60405711263536
IDHmut_TP53wt,-76.63159489105455,2.724737456862671
IDHmut_TP53wt,-259.3706840630926,-88.02128805607452
IDHmut_TP53wt,-206.0228351530755,124.80071590954661
IDHmut_TP53wt,-264.02590730079754,2.8705472493646615
IDHmut_TP53wt,-211.7412787879774,-120.83223363554035
IDHmut_TP53wt,-226.40154097382086,145.3461416966317
IDHmut_TP53wt,-208.68591420775468,98.48303972134264
IDHmut_TP53wt,-262.09803321787604,124.92592020509491
IDHmut_TP53wt,-257.54488861133586,80.27494081816134
IDHmut_TP53wt,-252.93894099421422,-8.85646287301832
IDHmut_TP53wt,-241.30142256751563,81.4493331773841
IDHmut_TP53wt,-287.8210749052989,-56.395523638881144
IDHmut_TP53wt,-85.9440452461345,29.10004916613752
IDHmut_TP53wt,-227.3482262485177,-103.89730685188728
IDHmut_TP53wt,-202.8603174128589,-33.551820099784536
IDHmut_TP53wt,-318.81920214400793,11.98252418777298
IDHmut_TP53wt,-137.70445938599218,109.05898449870116
IDHmut_TP53wt,-208.71404950988477,-48.63219919449217
IDHmut_TP53wt,-302.78647435535714,12.072246879141293
IDHmut_TP53wt,-241.42180097716084,-50.45954232193759
IDHmut_TP53wt,-88.59892471490814,13.25650360406293
IDHmut_TP53wt,-115.86418780094439,17.829808869820603
IDHmut_TP53wt,-265.20697503019227,34.10746502940479
IDHmut_TP53wt,-133.76424407335708,-99.8336672336411
IDHmut_TP53wt,-272.2627014836318,-53.65214971531193
IDHmut_TP53wt,-237.8540162502902,97.03452753356883
IDHmut_TP53wt,-177.84291278940253,-43.76590712931343
IDHmut_TP53wt,-243.9310782300219,-22.43084382729069
IDHmut_TP53wt,-280.9517022151536,119.67667351097546
IDHmut_TP53wt,-253.47829849609312,95.67163549408185
IDHmut_TP53wt,-149.64757378708046,-99.11722739636473
IDHmut_TP53wt,-223.61206205282645,103.32689488656669
IDHmut_TP53wt,-96.3099856250579,57.945920774761376
IDHmut_TP53wt,-124.75854325539305,-86.7170318174996
IDHmut_TP53wt,-204.55961577260587,-135.11202296787093
IDHmut_TP53wt,-297.99550910677715,105.0203024802991
IDHmut_TP53wt,-252.4312761438067,111.68091012945865
IDHmut_TP53wt,-113.36061505211471,-104.28091276243677
IDHmut_TP53wt,-214.0471823893596,53.4198626151922
IDHmut_TP53wt,-243.06645633696823,-155.67385819004264
IDHmut_TP53wt,-241.37225304201533,-128.20742764903943
IDHmut_TP53wt,-286.5359713702673,-14.55086534764073
IDHmut_TP53wt,-144.1152420349203,49.244282657812576
IDHmut_TP53wt,-280.0843025997124,68.17318420749032
IDHmut_TP53wt,-310.85472805486114,25.795045383747738
IDHmut_TP53wt,-217.7837984554425,37.35876520858935
IDHmut_TP53wt,-100.58111356727645,-52.52015759356861
IDHmut_TP53wt,-130.2473343319823,73.01754453863735
IDHmut_TP53wt,-192.54467954532123,-49.85674396822292
IDHmut_TP53wt,-148.09588849666042,97.1072403508188
IDHmut_TP53wt,-241.53899804993463,-112.23203628886233
IDHmut_TP53wt,-104.14897704496221,80.83145306428125
IDHmut_TP53wt,-143.73798247225523,81.55822780037131
IDHmut_TP53wt,-173.57220106195518,0.8476906867574678
IDHmut_TP53wt,-147.723951933222,-71.0635884785773
IDHmut_TP53wt,-153.3547110599942,111.99942053823527
IDHmut_TP53wt,-199.69389491467192,9.415538603892783
IDHmut_TP53wt,-113.7802554751157,-2.3818450536079188
IDHmut_TP53wt,-248.55688265798904,6.662721786417916
IDHmut_TP53wt,-91.08760154591113,-18.550519763593257
IDHmut_TP53wt,-132.82400225063034,93.56374415045505
IDHmut_TP53wt,-256.8900470410446,-51.18823495564946
IDHmut_TP53wt,-264.2543913425162,65.50236996102242
IDHmut_TP53wt,-131.24749640087097,13.674513156477653
IDHmut_TP53wt,-292.4899618885491,-29.14845101334831
IDHmut_TP53wt,-150.34280344340917,-28.47684034982134
IDHmut_TP53wt,-232.46005337147685,-62.928300504101024
IDHmut_TP53wt,-277.4825267979184,-68.705461469662
IDHmut_TP53wt,-110.14809658092733,66.0857456930315
IDHmut_TP53wt,-228.71019441878855,49.040841752811986
IDHmut_TP53wt,-195.9601353595519,-18.466164178577973
IDHmut_TP53wt,-161.21429535099773,22.663851778695058
IDHmut_TP53wt,-318.24707799972,-19.259529086186507
IDHmut_TP53wt,-280.3023448300929,29.677679896363415
IDHmut_TP53wt,-195.8297950825494,-121.69943491316381
IDHmut_TP53wt,-279.63183064688224,-0.1974267390166796
IDHmut_TP53wt,-254.75324788993834,21.99698269103849
IDHmut_TP53wt,-171.40262130617486,-57.63962728323969
IDHmut_TP53wt,-142.3260539991667,-113.29893256751433
IDHmut_TP53wt,-234.2056035785187,-142.45617442374717
IDHmut_TP53wt,-187.65248048560915,51.19086685543599
IDHmut_TP53wt,-289.06056119878224,55.459662697939045
IDHmut_TP53wt,-217.3649652212239,133.40196535599284
IDHmut_TP53wt,-224.87707578328605,-76.30288516353217
IDHmut_TP53wt,-308.43329765848864,-56.17946303947849
IDHmut_TP53wt,-191.84878829759614,130.2692029157191
IDHmut_TP53wt,-193.04207524514055,97.75408956580449
IDHmut_TP53wt,-168.8301933914193,114.08976182843256
IDHmut_TP53wt,-268.0889535294414,110.51114031749891
IDHmut_TP53wt,-303.8680322700901,55.55998935623349
IDHmut_TP53wt,-221.2740915925682,118.75386230529062
IDHmut_TP53wt,-269.7652269813704,-99.35885477132373
IDHmut_TP53wt,-162.9512384445403,-19.622607289621474
IDHmut_TP53wt,-162.89324712710672,100.16220882690178
IDHmut_TP53wt,-224.96583837707368,23.359526798284065
IDHmut_TP53wt,-178.13352519784254,22.66792652620341
IDHmut_TP53wt,-102.66784233063515,-9.827394714574547
IDHmut_TP53wt,-128.0269308683613,-58.300555796928876
IDHmut_TP53wt,-225.05314492914,-16.45980356545074
